"name","profileLink","role"
"Oksana Real","https://collabstr.com/oksana-real","Verified Influencer | Video Editor & AI Creator | Lifestyle & Beauty"
"Christopher Joe","https://collabstr.com/cjeats","Video Recipe Content Creator - 8.8% Engagement Rate"
"Josse Yannick","https://collabstr.com/legrandyakkai","Video Games Contentor"
"Jessica Brightly5.0","https://collabstr.com/jessbrightly","Amazon Influencer Video Reviews | Registered Dietitian | Artist | Cat Mom"
"Ricardo Gon√ßalves","https://collabstr.com/rifas","video editor / gaming content creator"
"Daniel","https://collabstr.com/justdodani","Video content creator and portrait photographer based in Switzerland"
"Ren√£n Serighelli5.0","https://collabstr.com/renanserighelli","Humor Creator & Video Editor"
"Tomas","https://collabstr.com/mksvision","Video creator specialized in transitions"
"Gulsah Basaran","https://collabstr.com/gulsahguneribasaran","Ugc Video & Lifestyle Creator"
"Michael Mcdowell 5.0","https://collabstr.com/dowellcooksofficial","Professional Video & UGC Creator"
"Mihail Mihaylov5.0","https://collabstr.com/mihailmihaylov","Food Video UGC content creator Cooking Recipe Product Reviews"
"Sarah5.0","https://collabstr.com/itslemonsquares","High-Energy Video Content Creator"
"Danielle Ryan5.0","https://collabstr.com/daanielleryan","Video Content Creator | Vertical Video Ads | UGC"
"Camille Demere","https://collabstr.com/camilledemere","Jane-of-all-Trades (photo,video,strategy) & Chronic Illness Queen"
"Maude4.3","https://collabstr.com/maudegarrett","Entertainment host and creator (film, Tv, video games)"
"Marie Bishop4.3","https://collabstr.com/halfacoco","Food & Drink Video Creator"
"Barou Diallo5.0","https://collabstr.com/marabarou","Magician creator and humour video"
"Que Potter4.0","https://collabstr.com/g2ddesigns","Graphics And Video Creater"
"Cadence Norn5.0","https://collabstr.com/cadiegrace","I am a humour focused creator that often streams video games"
"Ahmed Yasser4.8","https://collabstr.com/ahmedyasser","I am Ahmed Yasser, a professional content creator and creative video editor"
"Wafa Al Omari5.0","https://collabstr.com/wafasaad","Content Creator |Video Maker | Mom | Pharmcist"
"Malika5.0","https://collabstr.com/malikai","Content creator. Video editor. photo editor"
"Ma≈Çgorzata Krƒô≈ºel5.0","https://collabstr.com/gosiakrezel","Video content creator | Makeup artist | Beauty | UGC |"
"Martina Tenz5.0","https://collabstr.com/chezmartinaevents","Food content creator - Video recipes developer"
"Vibhour Malik","https://collabstr.com/vibhormalik7","Video Creator"
"Ahmed Sarr","https://collabstr.com/yannhmd","video editor & lifestyle creator"
"Alyona Burchette5.0","https://collabstr.com/healthyalyona","Vegan recipe creator. Food photographer. Video creator."
"Asia Lui Chapa5.0","https://collabstr.com/achomecafe","Beverage Recipe & Video Creator"
"Scaruki 5.0","https://collabstr.com/scaruki","Video Gaming Creator"
"Rojinalavi","https://collabstr.com/rojinalavi-70470","Hey There I‚ÄôM A Video Creator"
"Sg Editor","https://collabstr.com/shivgopal","photo and Video Editing, Tech And Gadgets"
"Taiwo Ogebule","https://collabstr.com/taye9ja","Video Creator, Comedy, Visual Effects"
"Samuel Gwozdz","https://collabstr.com/thenotoriousone","Video Editor"
"Mikol√°≈° Hraba≈à","https://collabstr.com/funnyanimqls","66K Followers | Viral Animal Video Reels | 8M Monthly Views | 98% Non-Fo"
"Mike Macdonald","https://collabstr.com/nerdproblemsgaming","Gaming Content Creator - Video Games, Board Games, and Everything Nerdy"
"Aidana","https://collabstr.com/aidy","Beauty and skincare video creator"
"Abdul Kamara","https://collabstr.com/abduljimm","Travel Filmmaker & Marketing Video Specialist"
"Kostandiina","https://collabstr.com/kostandiina","Video & photo content creator - Travel vlogger"
"Romina","https://collabstr.com/rominafort","Creadora de Contenido (Espa√±ol o Ingles) , Lifestyle, Video Vlogs, Unboxing"
"Khrushch Yuliia","https://collabstr.com/shaima-ugc-creator","UGC creator ‚Ä¢ Video Editing ‚Ä¢ Voiceover"
"Alexandra Kaspiarovich","https://collabstr.com/casperugc","UGC Creator & Mobile Photo/Video Expert"
"Baran A","https://collabstr.com/baran","Photographer and video creator"
"–ï–ª–µ–Ω–∞ –ö.","https://collabstr.com/helenaugc","Model, ugc easthetic stylish video  for clothes, jewelry, bags etc."
"Dannie Nguyen","https://collabstr.com/dannie","UGC Creator & Top Tier Video Editor"
"Iryna Obolesheva","https://collabstr.com/iryna003","UGC | Beauty video & photo creator"
"Ilona Edery","https://collabstr.com/ilonaedery","Video Director | Educating Creators on Film Production"
"Anothersideofdila","https://collabstr.com/anothersideofdila","Gaming Video Creator"
"Sanwal","https://collabstr.com/psclix","üé¨ Photographer | Video Editor | Photoshop Artist"
"Aya Aziz","https://collabstr.com/ayaaziz","Sports Photographer & Video Producer / Content Creator / Broadcast Director"
"Anastasiya","https://collabstr.com/rayfilms","Photo And Video Production"